{"masterSoundVolume":0.3269999921321869,"musicSoundVolume":0.17599999904632569}