{"masterSoundVolume":0.10499999672174454,"musicSoundVolume":0.27000001072883608}